CourseID,CourseName,Department
C101,Data Structures,Computer Science
C102,Algorithms,Computer Science
C103,Databases,Computer Science
C104,Calculus,Mathematics
C105,Linear Algebra,Mathematics
C106,Quantum Mechanics,Physics
C107,Electromagnetism,Physics
C108,Organic Chemistry,Chemistry
C109,Inorganic Chemistry,Chemistry
C110,Genetics,Biology
C111,Microbiology,Biology
